Substrate	control_mean	AZ20_mean	AZ20_fold_change	AZ20_p-value	AZ20_ctrlCV	AZ20_treatCV
1A24_HUMAN(S356)	15279337.88	26434391.56	1.730074416	0.554297736	1.280092485	0.902944441
1A24_HUMAN(S359)	15279337.88	26434391.56	1.730074416	0.554297736	1.280092485	0.902944441
1B13_HUMAN(None)	27064727.92	27791164.37	1.026840708	0.96208433	0.724636894	0.580206532
1B39_HUMAN(M1)	1158130096	1173595076	1.013353405	0.95830107	0.128035942	0.399220406
1B39_HUMAN(M4)	1158130096	1173595076	1.013353405	0.95830107	0.128035942	0.399220406
1B41_HUMAN(None)	0	0				
A2M(None)	1386130482	2145604069	1.547909159	0.307815768	0.07291232	0.548219268
AAAS(S495)	3886162325	4023859632	1.035432721	0.798475819	0.118670916	0.190203539
AAGAB(M297)	10037378.56	5187830.642	0.516851149	0.682754594	1.732050808	1.732050808
AAGAB(S310)	12372038.3	5187830.642	0.419318993	0.532084352	1.332380925	1.732050808
AAGAB(S311)	13985207.85	5187830.642	0.370951272	0.427255716	1.106863575	1.732050808
AAK1(S14)	1018113838	963898987.2	0.946749716	0.843710937	0.354678735	0.289160798
AAK1(S624)	29833395.87	199868478.6	6.699488035	0.279794322	1.268166641	1.22601002
AAK1(S637)	42013616.75	62038586.43	1.476630465	0.00058113	0.107365236	0.043431414
AAK1(T389)	322093074	267865907.9	0.831641316	0.572706157	0.339346959	0.42326815
AAK1(T606)	1174190610	1354490522	1.153552507	0.089500272	0.085950155	0.086222681
AAK1(T620)	29833395.87	199868478.6	6.699488035	0.279794322	1.268166641	1.22601002
AAK1(T653)	170533166.3	367377037.8	2.154284974	0.046207546	0.197211379	0.358972866
AARS(None)	4608757340	4305796769	0.934264152	0.341128936	0.06192768	0.09749692
AARS2(S19)	2855109251	2811484818	0.984720573	0.768347244	0.018414107	0.085171536
AATF(M210)	82566226.26	70072038.1	0.848676769	0.749494706	0.726739388	0.346286859
AATF(None)	600953.7383	0	0	0.355917684	1.732050808	
AATF(S203)	2982143048	3164170416	1.061039114	0.797772384	0.095957173	0.36081784
AATF(S316)	7829675.002	0	0	0.355917684	1.732050808	
AATF(S320)	339740159.7	376636361.4	1.108601237	0.869872525	0.798731728	0.682566995
AATF(S321)	339740159.7	376636361.4	1.108601237	0.869872525	0.798731728	0.682566995
ABAT(None)	804160433.9	560283015.7	0.696730394	0.033315839	0.047938957	0.265434023
ABCA13(None)	139002611.9	111241650.8	0.800284608	0.708723281	0.763184682	0.554518496
ABCA2(S1238)	61608214.85	169289841.1	2.747845258	0.057258392	0.594418259	0.416502037
ABCA2(S50)	1131437122	1095799726	0.968502539	0.84536123	0.157588453	0.223683416
ABCA4(None)	0	0				
ABCA6(S1238)	873865628.1	793375010	0.90789131	0.831493302	0.49936618	0.567992048
ABCB6(None)	1168524607	110476605.1	0.09454367	0.093711546	0.782218982	1.01427712
ABCC1(S916)	77422705.87	23770709.61	0.307025043	0.150656973	0.657446045	1.024065898
ABCC5(S509)	101538676.4	73604265.32	0.724888958	0.56532454	0.488059469	0.845384145
ABCF1(S105)	3411234807	5577619399	1.635073431	0.020592336	0.176284549	0.186754535
ABCF1(S109)	3729907419	5887468909	1.578449073	0.024748958	0.184788832	0.178243544
ABCF1(S140)	5130510022	3859858570	0.752334281	0.171288445	0.209020827	0.239829152
ABCF1(S22)	2839706725	2980491405	1.04957719	0.744597887	0.238516215	0.076550612
ABCF1(S228)	1332710089	1672667000	1.255086919	0.161703494	0.226222365	0.127240937
ABCF1(T108)	3729907419	5887468909	1.578449073	0.024748958	0.184788832	0.178243544
ABCF2(None)	9875728827	10538239571	1.067084744	0.61173037	0.20844888	0.056820096
ABHD15(S434)	0	1154520.76	inf	0.355917684		1.732050808
ABI1(M186)	5648422330	6162001687	1.09092439	0.590529494	0.181517972	0.192013939
ABI1(S183)	6954254698	8002002919	1.150662906	0.274058118	0.13152202	0.149788789
ABI1(S231)	4674240081	3291355635	0.70414775	0.367970709	0.452350454	0.382498085
ABI1(S319)	188322994.6	326954189.9	1.736135254	0.136910776	0.625306474	0.230999859
ABI1(S323)	188322994.6	326954189.9	1.736135254	0.136910776	0.625306474	0.230999859
ABI1(Y213)	355331966.2	479462582	1.349337036	0.121852949	0.043768934	0.246919103
ABI2(S216)	638823109.8	805760670.9	1.261320479	0.204265311	0.276585228	0.124112974
ABI2(S227)	4770793039	5321400230	1.115412089	0.409644216	0.122515776	0.169813795
ABI2(Y213)	0	0				
ABL1(S569)	741491017.8	913017222.2	1.231326072	0.101086267	0.070531063	0.158071174
ABL2(S620)	6063475420	8491834728	1.400489676	0.007845876	0.1556068	0.060495259
ABL2(S631)	1727886111	1582167866	0.915666753	0.333417811	0.102936589	0.101820053
ABL2(S655)	0	6558867.795	inf	0.0099351		0.466491731
ABL2(S936)	33690072.66	106517976.4	3.161702186	0.039066083	1.230323633	0.226591578
ABLIM1(M710)	28569757.86	53278571.32	1.864859044	0.162821747	0.92211271	0.102771125
ABLIM1(S216)	0	0				
ABLIM1(S540)	19663845.15	5039009.792	0.256257601	0.26509721	0.949596553	1.732050808
ABLIM1(S640)	78437589.58	104154014	1.327858423	0.557568186	0.710868913	0.433557577
ABLIM1(S706)	116511549.5	210113180.7	1.803367835	0.009519749	0.330217862	0.093952623
ABR(None)	419202737.8	507016588.7	1.209478238	0.474691849	0.414781419	0.192863899
ABR(S53)	34432377.26	28400678.26	0.824824787	0.793890017	0.682261748	1.062680173
ABR(S632)	56457951.37	103132291.7	1.826709776	0.003201311	0.161758597	0.139791149
ABR(S72)	1419409.544	4745870.177	3.343552392	0.526880146	1.732050808	1.732050808
ABR(T74)	407180692.2	373437899.6	0.917130666	0.674603113	0.280342477	0.180162385
ABTB2(S365)	188678051.4	193284966.5	1.024416805	0.86597916	0.100636448	0.212796354
ACACA(M1253)	0	0				
ACACA(M79)	298362341.3	538527549.1	1.804944775	0.0062711	0.307660656	0.078929399
ACACA(None)	2562317706	1224234245	0.477783939	0.321680538	0.80350191	0.49509637
ACACA(S1259)	0	0				
ACACA(S1263)	0	0				
ACACA(S80)	936741598.8	1819075166	1.94191778	0.006909829	0.140979126	0.195626364
ACADL(None)	127995662.4	1258391.81	0.009831519	0.360348494	1.732050808	1.732050808
ACAP1(S379)	830566474.9	1000209007	1.204249192	0.604318686	0.579528565	0.239115967
ACAP2(S540)	132135374	500193675.5	3.785463805	0.30010646	1.700251731	1.030371303
ACAT1(None)	106977926.1	27620134.87	0.258185365	0.096590621	0.635928583	0.571275203
ACAT1(S16)	2044786996	2439082221	1.192829486	0.592406097	0.584412649	0.073146158
ACAT2(None)	417178034	490015710.7	1.174596145	0.461525312	0.131439725	0.30764729
ACBD3(S43)	0	0				
ACD(S425)	312792739.9	517541331.5	1.654582302	0.071610207	0.145541958	0.301084068
ACIN1(S1004)	64044924171	64094004899	1.000766348	0.979430435	0.035423285	0.034389075
ACIN1(S132)	52316000.42	337781741.2	6.456566605	0.01386613	1.545792428	0.352354502
ACIN1(S216)	2220744173	3582573433	1.613231041	0.021608073	0.241547543	0.152374553
ACIN1(S240)	835389576	105583128.5	0.126387893	0.004037134	0.323223242	0.699760655
ACIN1(S243)	835389576	105583128.5	0.126387893	0.004037134	0.323223242	0.699760655
ACIN1(S386)	7802248027	5936721929	0.760898898	0.038732512	0.080119132	0.177584057
ACIN1(S388)	9539035661	7476827795	0.783813801	0.028156548	0.04870617	0.153963892
ACIN1(S410)	51349693.11	60174245.01	1.171852086	0.565440449	0.302069071	0.328717338
ACIN1(S478)	1602948186	1537789969	0.959351015	0.882385653	0.207183587	0.423556057
ACIN1(S481)	0	0				
ACIN1(S490)	6095706144	6205567853	1.018022803	0.932174706	0.153512049	0.310897351
ACIN1(S561)	0	0				
ACIN1(S605)	4211404.349	5981233.287	1.420246737	0.816883	1.732050808	1.732050808
ACIN1(S657)	441657912.3	126969144.9	0.287483008	0.181709899	0.801584082	0.551798598
ACIN1(S710)	672227439.3	949950081.6	1.413137914	0.045389346	0.065178004	0.195713808
ACIN1(S729)	2823025848	1646663238	0.583297259	0.082339791	0.245603161	0.418835842
ACIN1(S825)	352197105.4	538014101.2	1.527593762	0.410289347	1.001509364	0.164979835
ACIN1(S838)	633523259	857134642.1	1.352964757	0.101809539	0.139811347	0.21005268
ACIN1(S863)	421194847.8	4049550.293	0.009614435	0.000341294	0.234947378	1.732050808
ACIN1(T682)	105693507.5	169714152.8	1.605719753	0.07344647	0.454987795	0.103377918
ACLY(M474)	1726862690	1735725125	1.005132102	0.988275486	0.260236045	0.516049455
ACLY(None)	665554.9664	3268036.342	4.91024259	0.45983496	1.116516882	1.732050808
ACLY(S455)	4059609179	1765760537	0.434958258	0.000100945	0.066922278	0.194698085
ACLY(S481)	22045300692	27042636142	1.22668484	0.175524437	0.147944076	0.169987972
ACO2(None)	5281530.953	0	0	0.142792673	1.027378311	
ACOT4(S307)	6165419516	6433248733	1.04344055	0.798657406	0.257484076	0.110591237
ACOT7(None)	0	0				
ACOX1(S26)	48439867.18	85974601.41	1.774872774	0.092776715	0.253498092	0.350632312
ACP1(None)	4332370.181	0	0	0.355917684	1.732050808	
ACPP(S96)	6155307633	6433248733	1.045154705	0.790513341	0.25674855	0.110591237
ACSL3(T107)	1499907293	1689460902	1.126376883	0.581727644	0.254250366	0.246010967
ACSS2(M260)	2042604945	1028481604	0.503514694	0.195639834	0.585303217	0.156905672
ACSS2(S267)	4536133290	3454543549	0.761561297	0.097928567	0.207032263	0.05274725
ACSS2(S30)	15256809.46	2572646.959	0.168622867	0.201690056	0.979138761	1.330049171
ACTA1(M46)	0	0				
ACTA1(M49)	7870485.738	29383244.34	3.733345733	0.267757316	1.024281612	1.00136893
ACTA1(None)	10424563455	10011886925	0.960413064	0.909896878	0.566298221	0.134902382
ACTA1(S325)	433456912.9	419691953.2	0.968243765	0.83289606	0.070047632	0.247432063
ACTA1(S54)	815724313	1633410854	2.002405503	0.145435019	1.000104254	0.138854469
ACTA2(M192)	779666783.8	634213865.5	0.813442202	0.245826845	0.232386	0.117449571
ACTA2(M229)	78019097.2	52859714.45	0.677522765	0.352063123	0.383803256	0.589142871
ACTA2(M46)	143026852.6	28838219.18	0.201628007	0.043853692	0.521611468	0.758996518
ACTA2(M49)	143026852.6	28838219.18	0.201628007	0.043853692	0.521611468	0.758996518
ACTA2(M84)	1045218204	990890849	0.948022953	0.675178302	0.02936911	0.213469593
ACTA2(None)	15797664151	13271249140	0.840076673	0.55179455	0.401209816	0.213680794
ACTB(M153)	15900906.36	2145031.755	0.134899968	0.198454017	1.009930708	1.732050808
ACTB(None)	20777718485	23131158182	1.113267474	0.65245532	0.403891623	0.082288292
ACTB(Y294)	10172536.34	0	0	0.155304419	1.065927743	
ACTBL2(M306)	1911717162	1372554808	0.717969601	0.272489563	0.353926132	0.27241819
ACTBL2(None)	28410239166	28007178709	0.985812845	0.96775016	0.570689948	0.121123367
ACTBL2(Y295)	0	0				
ACTC1(M229)	0	12483392.16	inf	0.171511198		1.115594017
ACTC1(M327)	624733136.6	619021448.5	0.990857395	0.983983245	0.708422275	0.268515262
ACTC1(M46)	736591736.3	162450598.4	0.220543607	0.012666777	0.288309835	1.154176251
ACTC1(M49)	736591736.3	162450598.4	0.220543607	0.012666777	0.288309835	1.154176251
ACTC1(None)	8801887482	9058030945	1.02910097	0.934180009	0.567764785	0.138344788
ACTG1(M153)	0	0				
ACTG1(M227)	11439049.97	83500903.26	7.299636204	0.0454207	0.852848217	0.582067216
ACTG1(M269)	32195905.6	27402847.04	0.85112832	0.729039998	0.644881864	0.349859021
ACTG1(M283)	32195905.6	27402847.04	0.85112832	0.729039998	0.644881864	0.349859021
ACTG1(M305)	469433391.8	566623984	1.207038089	0.381255614	0.135583173	0.293716715
ACTG1(None)	10108569615	6596289865	0.652544338	0.234146207	0.444758056	0.147284333
ACTG1(S239)	993107432.1	2875166833	2.895121656	0.000119737	0.055150707	0.127475193
ACTG1(T297)	3758947.297	0	0	0.355917684	1.732050808	
ACTG2(M228)	0	0				
ACTG2(None)	795830524.5	49294750.18	0.061941266	0.146904502	0.975233862	0.462635757
ACTL6A(S233)	1806844612	1983023075	1.097506151	0.538024091	0.250591416	0.058456419
ACTN1(None)	2733127439	2311391925	0.845694896	0.333402635	0.130606926	0.257742473
ACTN1(S91)	45190.65317	0	0	0.355917684	1.732050808	
ACTN2(None)	234092731.7	109754477.5	0.468850428	0.191739715	0.624464249	0.07588739
ACTN2(S147)	0	0				
ACTN3_HUMAN(None)	123244567.3	71217595.55	0.577855861	0.529910267	1.018869843	0.704293595
ACTN4(None)	6812976814	6623547665	0.972195832	0.798771982	0.067522205	0.172406541
ACTR1A(M288)	769092958.1	699959513.1	0.910110417	0.498766252	0.111039063	0.203992583
ACTR2(None)	658706043.3	771025414	1.170515167	0.585973916	0.452268235	0.207449733
ACTR2(T117)	716643830.6	698112662.2	0.974141732	0.962515477	0.650335212	0.659539399
ACTR3(None)	171149734.2	208497170	1.218214979	0.625045988	0.52508656	0.421085922
ACTR3B(None)	222627314.5	195330198.7	0.877386493	0.666771754	0.239458239	0.459982831
ACTR8(S132)	483608651.6	425862341.4	0.880592892	0.62123013	0.146193759	0.419397008
ACTR8(S412)	50354411.1	86299711.32	1.713846105	0.405085463	0.31225074	0.78488237
ADAM10(S740)	10029702.68	6049360.507	0.60314455	0.562780087	1.057475545	0.624340402
ADAM10(T719)	0	0				
ADAM10(Y741)	10614015.71	7135481.23	0.672269707	0.638543566	1.004212719	0.827322282
ADAM17(S791)	993093085.2	1088563368	1.096134274	0.656640346	0.25183594	0.229777257
ADAM8(S687)	48424895388	83405906490	1.722376596	0.00163942	0.136376259	0.108271924
ADAM9(S758)	5675181232	3474719069	0.612265746	0.00159391	0.117991884	0.058585646
ADAMTS5(S264)	2565735005	2026997733	0.790026144	0.240127968	0.243678721	0.171907597
ADAMTSL3(S65)	4809087692	6891220854	1.432958036	0.000546338	0.032291582	0.075061776
ADAMTSL3(Y60)	4809087692	6891220854	1.432958036	0.000546338	0.032291582	0.075061776
ADAR(S825)	108589910.3	19962788.83	0.183836498	0.173375892	0.91018414	0.51871177
ADAT3(None)	526006697.6	554580643.1	1.054322399	0.743432516	0.267092634	0.059929111
ADCY6(S54)	485339369.4	482437824	0.994021616	0.979185072	0.280373595	0.259146684
ADCY6(S576)	372508263.4	469192800.4	1.259550046	0.290608154	0.284726877	0.209244356
ADCY8(None)	156089704.8	161693041.6	1.035898183	0.905744312	0.489366451	0.114193835
ADD1(S12)	31229837.54	55935494.6	1.791091437	0.446615314	1.001082111	0.755224723
ADD1(S431)	91626897.8	138551817	1.512130393	0.657901097	0.70231311	1.1710826
ADD1(S436)	61530150.04	124127507.6	2.017344464	0.467457355	0.380925004	1.110279538
ADD1(S465)	596507307.6	654661493.1	1.097491154	0.707560015	0.149076509	0.366661567
ADD1(S669)	0	0				
ADD1(S710)	0	0				
ADD1(S726)	13324889.63	19498566.69	1.46331919	0.641231231	0.726807135	1.001791105
ADD2(S455)	814740.4429	0	0	0.355917684	1.732050808	
ADD2(S532)	0	0				
ADD2(S592)	0	0				
ADD2(S600)	1150550353	1189054150	1.033465547	0.868304405	0.276419187	0.18305915
ADD2(S613)	1747978370	372130443.1	0.212891904	0.007356632	0.312763017	0.664822937
ADD2(S621)	277465647	274406242	0.988973752	0.955320419	0.235122124	0.229758882
ADD2(S701)	465519556.8	423408697.8	0.909540086	0.928164002	1.435193784	0.931671994
ADD3(S42)	0	0				
ADD3(S681)	930467650.8	738164194.3	0.793326016	0.654949347	0.723687868	0.299249876
ADD3(S693)	4823209992	5171387159	1.072187852	0.487553175	0.073165094	0.142180579
ADD3(T481)	0	0				
ADGRA1(S8)	2627640029	2639051191	1.004342742	0.98199164	0.242902102	0.206948367
ADGRL2(S1253)	0	0				
ADGRL2(S1275)	0	0				
ADGRL2(S1334)	0	1846513.524	inf	0.355917684		1.732050808
ADGRL2(S1430)	0	0				
ADH5(None)	7670064.195	75864010.76	9.890922532	0.219885234	1.034176636	1.132042027
ADK(None)	151653277.2	116727682.7	0.769701023	0.823883003	1.105427794	1.70472848
ADNP(M949)	166272858.9	198776868.7	1.195485962	0.260842067	0.076583249	0.219002437
ADNP(S709)	4260513149	4661568522	1.094133115	0.063597694	0.047034104	0.049582275
ADNP(S736)	13380338.79	23053820.98	1.722962427	0.729115144	1.732050808	1.732050808
ADNP(S953)	4353365771	4742976440	1.089496424	0.590741009	0.038138442	0.248102704
ADNP(S955)	4353365771	4742976440	1.089496424	0.590741009	0.038138442	0.248102704
ADNP(S970)	157886968.9	0	0	0.000197398	0.215329059	
ADRB2(S246)	2692760393	2014327282	0.748052923	0.026900992	0.104713382	0.143283524
ADSL(None)	45617009.29	262229207	5.748496253	0.200773302	1.732050808	0.949030369
ADSS(None)	811157068.5	420276488.9	0.518119739	0.367113012	0.851296287	0.170120283
ADSSL1(S131)	2541313.374	3524641.007	1.386936787	0.78087846	1.732050808	1.094809556
ADSSL1(S452)	0	0				
ADT1_HUMAN(None)	1199803918	782309410.7	0.652031052	0.039191345	0.172403905	0.232052641
AEBP1(S404)	325852403.7	501909176.6	1.540296069	0.011430635	0.185164087	0.118764873
AEBP2(M209)	515248716.8	375976386.9	0.729698832	0.3425999	0.365097349	0.370750544
AEBP2(S141)	5795429.446	0	0	0.355917684	1.732050808	
AEBP2(S206)	760148407.2	716391276	0.942436068	0.798850088	0.252254127	0.293367282
AEBP2(S390)	202237771	155629965.5	0.769539561	0.299030272	0.176481097	0.394536273
AFAP1(S283)	20258919.69	10666509.91	0.526509314	0.571597896	1.023756246	1.732050808
AFAP1(S342)	1646798017	535317358.8	0.325065584	0.201209205	0.769540792	0.820729105
AFAP1(S343)	1646798017	535317358.8	0.325065584	0.201209205	0.769540792	0.820729105
AFAP1(S668)	2024965459	2417753774	1.193972847	0.245371346	0.199644459	0.140754544
AFDN(M222)	1169201969	1549020359	1.324852677	0.012117047	0.114415385	0.082938058
AFDN(S1107)	630046941.5	821393718	1.303702413	0.603875915	0.823126882	0.380457736
AFDN(S1173)	842061342.5	1171149972	1.39081313	0.124211926	0.300183461	0.166178028
AFDN(S1182)	842061342.5	1171149972	1.39081313	0.124211926	0.300183461	0.166178028
AFDN(S1238)	550060940.5	515760666.7	0.937642775	0.556724132	0.128012947	0.125053829
AFDN(S1275)	239848382.9	466942989.7	1.946825674	0.007709541	0.380364178	0.088106904
AFDN(S1318)	108960148.7	50690702.55	0.465222406	0.182385149	0.382674556	1.033216275
AFDN(S1721)	129927859.5	306778533.6	2.361145136	0.002059992	0.253941326	0.160091335
AFDN(S1779)	984687478.6	1206527951	1.225290233	0.249665298	0.274719839	0.110374012
AFDN(S1799)	330039199.3	159235936.1	0.482475829	0.008826662	0.209511792	0.220841245
AFDN(S216)	2080169673	2305461529	1.108304557	0.212227855	0.094831029	0.0859209
AFDN(T1330)	25923148.41	73305117.86	2.827786066	0.564616062	1.732050808	1.732050808
AFF1(None)	4940368245	5774077501	1.168754476	0.331331931	0.080505378	0.226426206
AFF1(S245)	0	3375532.718	inf	0.355917684		1.732050808
AFF1(S307)	0	0				
AFF1(S588)	64348464.31	1066753.628	0.016577764	0.066063092	0.758817833	1.732050808
AFF2(S931)	12037825.78	0	0	0.355917684	1.732050808	
AFF4(S1043)	742707534.1	784605269.6	1.056412159	0.650319535	0.128590559	0.150996906
AFF4(S1058)	2067331394	1736687181	0.840062307	0.208249424	0.15073474	0.15003589
AFF4(S179)	0	2433082.696	inf	0.355917684		1.732050808
AFF4(S180)	0	2433082.696	inf	0.355917684		1.732050808
AFF4(S32)	307427447	296250160.6	0.963642523	0.887913906	0.238697052	0.368985736
AFF4(S694)	496805637	461205277.5	0.928341474	0.574410882	0.100002619	0.197765911
AFF4(S836)	2170217295	123770932	0.057031585	0.000128875	0.181959252	0.837243233
AFF4(T674)	364055859.9	347766157.3	0.955254937	0.753428776	0.134071347	0.202879289
AFG3L2(S595)	65916716.68	13852712.48	0.210154771	0.02388716	0.40126552	1.024944082
AFP(None)	81906615.11	1519566.277	0.018552424	0.141248107	1.003111547	1.732050808
AFTPH(T291)	3532644.642	33105156.93	9.371210603	0.252770815	1.18808369	1.216485865
AGAP1(S315)	497502252.9	397770518	0.799535109	0.530564332	0.437408631	0.355996974
AGAP1(S422)	18827482.13	38315819.4	2.035100558	0.664095658	1.732050808	1.732050808
AGAP1(S521)	784789793.3	623250164.3	0.794161914	0.480563149	0.418171899	0.281476679
AGAP1(S605)	286060800.3	158403329.8	0.553740078	0.300275613	0.198541874	1.178170464
AGAP1(T836)	143439702	191994021	1.33849986	0.105264306	0.166670504	0.193131159
AGAP2(None)	114245504.1	101318326.8	0.886847387	0.863407773	0.864664243	0.751071936
AGAP2(T809)	346681295.4	630932507.5	1.81992082	0.031672333	0.394484836	0.177113186
AGAP3(S336)	497502252.9	397770518	0.799535109	0.530564332	0.437408631	0.355996974
AGAP3(S443)	1143249149	1518151695	1.327927247	0.134516762	0.137496056	0.224650907
AGAP3(S538)	1457211528	1896307520	1.301326186	0.242224561	0.109746062	0.297465128
AGFG1(S181)	3149743459	3487603440	1.107265873	0.381456941	0.140675617	0.124218242
AGFG1(S362)	0	0				
AGFG1(T177)	3053911572	3452537076	1.130529485	0.289287684	0.130744249	0.1274109
AGGF1(S329)	580606397.8	705425061.2	1.214979828	0.510564828	0.168254858	0.415815056
AGGF1(S344)	166782230.3	188693449.4	1.131376221	0.657061271	0.302431756	0.337827532
AGK(None)	751398064.2	922004278.8	1.227051709	0.180796689	0.164463787	0.163852031
AGO2(S387)	735149686.1	556473260.2	0.75695232	0.100504218	0.172695239	0.173686788
AGPS(None)	257662553.7	299510347.1	1.162413175	0.83378089	0.861442635	0.818523363
AGPS(S65)	0	0				
AGTPBP1(None)	0	0				
AHCTF1(S1142)	485645508.9	715666946.5	1.473640615	0.129800453	0.397313844	0.167136362
AHCTF1(S1160)	3961363955	4374840788	1.104377391	0.275071237	0.149351207	0.017188797
AHCTF1(S1232)	311257560	454166585.6	1.459134312	0.067442904	0.246202536	0.177096256
AHCTF1(S1283)	102404107.7	153495041.8	1.49891489	0.45395553	0.958443836	0.331430091
AHCTF1(S1541)	496532457	882806219.7	1.777942624	0.017168825	0.39198485	0.072893484
AHCTF1(S1944)	985121907.6	923421648.6	0.937367895	0.57188535	0.038080693	0.189312376
AHCTF1(S2222)	215070703.7	466789514.3	2.170400274	0.005713478	0.338900174	0.158671717
AHCTF1(S2226)	215070703.7	466789514.3	2.170400274	0.005713478	0.338900174	0.158671717
AHCTF1(S509)	45065279.6	32792285.79	0.727661874	0.833009887	1.732050808	1.732050808
AHCTF1(S528)	72159961.53	166476057.4	2.307041937	0.032649997	0.673070943	0.202140475
AHCTF1(T1257)	235511562.3	360185678.4	1.529375776	0.659466955	0.483814842	1.254728292
AHCTF1(T1808)	0	34176770.41	inf	0.134526604		1.001720501
AHCY(None)	1882905013	1630724445	0.866068354	0.770383639	0.431538203	0.721779293
AHCYL1(None)	688269601.7	763514444.1	1.109324663	0.647334019	0.31895689	0.207592524
AHCYL2(None)	51431481.85	48642379.31	0.945770519	0.93234589	0.465968907	1.008004611
AHDC1(S1064)	40390277.26	129245981.7	3.199928064	0.008882132	0.856021073	0.161892949
AHDC1(S1399)	163680102.2	154971298.3	0.946793754	0.87584692	0.417225534	0.402812417
AHDC1(S1403)	199153532.8	245382251.3	1.232126028	0.484551204	0.394849293	0.298776462
AHDC1(S1507)	770790372.7	832720950.8	1.08034685	0.768489447	0.279891398	0.32831171
AHDC1(S596)	0	0				
AHDC1(Y1398)	35473430.55	90410952.96	2.548694941	0.052490264	0.940250582	0.233305501
AHI1(S232)	617133694.2	822537793.4	1.332835658	0.088271155	0.214560728	0.139068802
AHNAK(M2388)	7891830.891	12933344.58	1.638826878	0.448163663	1.175876607	0.421557204
AHNAK(M502)	11814707.18	2587375.502	0.21899616	0.226330183	0.979162147	1.003783818
AHNAK(M820)	420893857.7	120324870.9	0.28587937	0.255776168	0.936977155	1.059465182
AHNAK(None)	2095578316	2265244874	1.080964074	0.617325162	0.24572668	0.094880466
AHNAK(S115)	405649295.9	454121206.7	1.119492161	0.600054437	0.260671961	0.239640239
AHNAK(S177)	5185617540	6828681935	1.316850285	0.038139316	0.108328887	0.13418519
AHNAK(S212)	14433573.29	9538508.868	0.660855678	0.662845802	1.068132693	1.071791536
AHNAK(S216)	216607326.2	29402772.98	0.135742283	0.153397588	0.909722966	0.79947268
AHNAK(S2397)	2377804502	3821715945	1.607245651	0.000634465	0.107890101	0.075160998
AHNAK(S2580)	199404.8797	1118901.182	5.611202614	0.449376787	1.732050808	1.732050808
AHNAK(S2708)	28314541.1	13542057.83	0.478272199	0.33609146	0.693013598	1.080124074
AHNAK(S3054)	6036536.875	566148.501	0.09378697	0.401688952	1.732050808	1.732050808
AHNAK(S3412)	762692975.4	1530687914	2.006951635	0.000567747	0.197647926	0.086501177
AHNAK(S3426)	611244470.4	1292545686	2.114613299	0.000658818	0.120484383	0.12961552
AHNAK(S41)	1453196058	2407737709	1.656856758	0.0117109	0.184632367	0.156432778
AHNAK(S4220)	6036536.875	0	0	0.355917684	1.732050808	
AHNAK(S4522)	29950416.92	42876703.49	1.431589537	0.678581222	0.891933478	1.025144191
AHNAK(S4908)	268227828.5	311113049.2	1.159883562	0.627449191	0.294460325	0.391984935
AHNAK(S4986)	223979617.7	342205965.4	1.527844225	0.397342167	0.956786944	0.197845884
AHNAK(S5031)	513785543.4	484904973.8	0.943788668	0.662239192	0.18210896	0.115024239
AHNAK(S5099)	3838371.8	9827363.308	2.560294787	0.293152755	1.512366706	0.700466681
AHNAK(S511)	2786609152	2585829072	0.927948245	0.596994077	0.100642073	0.215205371
AHNAK(S5110)	12376525799	13200392186	1.066566854	0.296916348	0.028664029	0.09075206
AHNAK(S5448)	5169507998	4307289667	0.833210756	0.236683633	0.042849643	0.258697522
AHNAK(S5731)	2176271603	1983842622	0.9115786	0.014465836	0.028863375	0.037904017
AHNAK(S5739)	3445235275	3512778556	1.019604838	0.8097448	0.062714119	0.117207667
AHNAK(S5746)	41787178.02	53065944.93	1.269909753	0.670516908	1.018294956	0.187334151
AHNAK(S5749)	41787178.02	53065944.93	1.269909753	0.670516908	1.018294956	0.187334151
AHNAK(S5752)	41787178.02	53065944.93	1.269909753	0.670516908	1.018294956	0.187334151
AHNAK(S5841)	5348298773	3927668627	0.734377191	0.132555799	0.25478806	0.096433317
AHNAK(S5851)	201862830.3	141137641.2	0.699175975	0.23637972	0.361923798	0.230157073
AHNAK(S5857)	138224833.4	186924945.4	1.352325344	0.241898885	0.208002576	0.311733371
AHNAK(S819)	12347115.65	794245.1382	0.064326371	0.033569245	0.580064385	1.732050808
AHNAK(S93)	65153801817	67206782606	1.031509762	0.614514216	0.093164167	0.042098441
AHNAK(T3381)	491272502.2	592892840.8	1.206851265	0.05975724	0.064506047	0.11649261
AHNAK(T490)	3607842339	4498756600	1.246938246	0.049120684	0.162004197	0.050621452
AHNAK2(None)	1148871952	123001971	0.107063255	0.128981866	0.870510375	1.138267744
AHNAK2(S332)	0	0				
AHNAK2(S923)	0	0				
AHSA1(None)	2057675133	1715394304	0.833656526	0.554623577	0.421682772	0.222144693
AHSG(None)	1525996363	1212939344	0.794850743	0.707914151	0.895668899	0.155735282
AHSG(S138)	6635127279	10938381321	1.648556367	0.013882813	0.069232788	0.193864215
AIDA(None)	2906829.593	0	0	0.355917684	1.732050808	
AIDA(S144)	0	0				
AIF1L(S134)	4725715433	4870338172	1.030603353	0.787297152	0.179341778	0.054255578
AIFM1(S268)	260207272.3	247404720	0.950798637	0.970885327	1.605046157	1.643216512
AIM1_HUMAN(S103)	1360886354	46721752.62	0.034331855	0.34612542	1.635435996	1.532002026
AIM1_HUMAN(S75)	391158211.4	576865820.8	1.474763418	0.017909421	0.199024297	0.107644688
AIM1_HUMAN(S81)	391158211.4	576865820.8	1.474763418	0.017909421	0.199024297	0.107644688
AIMP1(S140)	0	0				
AIP(None)	213999537.5	173847190	0.812371802	0.346440662	0.213464943	0.290396862
AIRE(None)	733004636.1	263941288.3	0.360081336	0.134679818	0.420216278	1.345460374
AJAP1(S56)	32544414868	45327574608	1.392791199	0.009076479	0.129472696	0.089286566
AJUBA(S119)	1585271161	1362069207	0.859202665	0.22756821	0.062151522	0.198425076
AJUBA(S137)	1689038419	1359467242	0.804876447	0.10085197	0.173525462	0.02255483
AJUBA(S263)	12866890.35	44719844.99	3.475575198	0.044932614	1.468711876	0.244939395
AJUBA(S79)	430204060.5	430105265.9	0.999770354	0.99911931	0.316267245	0.139660372
AJUBA(T265)	671121967.5	423617463.7	0.631207864	0.05239665	0.08213414	0.398782549
AK2(None)	464957650.8	460746130.9	0.990942143	0.97370914	0.41222817	0.198316144
AK5(S78)	171943639.3	264520952.1	1.538416619	0.006052839	0.216713329	0.039448511
AKAP1(S107)	0	0				
AKAP1(S151)	1332287239	1810207495	1.358721634	0.035841765	0.198125835	0.086838415
AKAP1(S445)	4705744494	6273751024	1.333211149	0.065984952	0.250495109	0.043742793
AKAP1(S592)	197713.3476	0	0	0.355917684	1.732050808	
AKAP1(T533)	93122371.79	90926191.22	0.976416187	0.947508325	0.388871726	0.46139127
AKAP10(S187)	0	0				
AKAP10(S281)	123360645.6	163676311.3	1.326811404	0.580895782	0.358023869	0.679716056
AKAP10(S52)	3317122646	3791769765	1.143090012	0.087464831	0.082354375	0.078148407
AKAP11(S1580)	656509777.2	596869865.1	0.909156095	0.565306269	0.030924957	0.282483952
AKAP11(S1611)	1377827713	1603619556	1.163875237	0.307086784	0.099837151	0.200972507
AKAP11(S18)	994308794.3	689618155.2	0.693565379	0.220565401	0.228278186	0.452729891
AKAP11(S422)	1079558855	799148995.1	0.740255144	0.112119505	0.192154615	0.198258034
AKAP11(S433)	3102756083	2477900134	0.79861261	0.093983066	0.145090468	0.123555668
AKAP11(S448)	391642132.8	516453526.2	1.31868735	0.026169544	0.12798207	0.104605623
AKAP11(T1100)	2440734670	2600512943	1.065463188	0.50279058	0.118848121	0.099263004
AKAP11(T1104)	585251522.3	773544746.8	1.321730431	0.086848386	0.153430497	0.170386532
AKAP11(Y424)	1079558855	799148995.1	0.740255144	0.112119505	0.192154615	0.198258034
AKAP12(S1395)	0	0				
AKAP12(S154)	0	0				
AKAP12(S286)	271507521.9	497678575.4	1.833019476	0.05861717	0.441500027	0.236821088
AKAP12(S371)	0	0				
AKAP12(S483)	14019358.51	55874924.24	3.985554988	0.318967176	1.732050808	1.112286455
AKAP12(S505)	0	0				
AKAP12(S514)	0	0				
AKAP12(S598)	884027125.9	902743893.4	1.021172164	0.957402698	0.238307218	0.601221671
AKAP12(S612)	38242959.31	51944386.39	1.358273192	0.713440652	1.243798237	0.754219987
AKAP12(S627)	140880335	718723481.6	5.101659374	0.127880783	0.651483598	0.778251555
AKAP12(S629)	140880335	718723481.6	5.101659374	0.127880783	0.651483598	0.778251555
AKAP12(S696)	0	0				
AKAP12(S697)	0	0				
AKAP12(S698)	0	0				
AKAP12(T1484)	173636474.3	166892295.5	0.961159204	0.740588716	0.163823803	0.108095399
AKAP12(T767)	779947179.4	879827732.1	1.128060663	0.218834451	0.122885004	0.092953031
AKAP13(S1411)	0	0				
AKAP13(S1559)	2569261094	2217474864	0.863078832	0.554571132	0.281735344	0.29379976
AKAP13(S1565)	606685568.8	586611196.6	0.966911406	0.878155149	0.095551811	0.357103046
AKAP13(S1602)	10178784.39	37487119.47	3.682868014	0.304108448	1.732050808	1.019700264
AKAP13(S1876)	4361956.676	0	0	0.14047409	1.020199928	
AKAP13(S1906)	223778764.8	264554980.1	1.182216643	0.632058586	0.492564501	0.326636851
AKAP13(S1929)	4404577423	3453538073	0.78407932	0.056605444	0.144148224	0.084814954
AKAP13(S2563)	467285892.8	366545961.5	0.784414781	0.090893835	0.08087185	0.212941946
AKAP13(S2709)	130675333.7	168345035.6	1.288269414	0.514535429	0.353376195	0.487870022
AKAP13(S2728)	1336875812	1258345774	0.94125854	0.523773516	0.090062418	0.127886974
AKAP13(S983)	563606167.4	764443976	1.356344235	0.098307017	0.229317559	0.15989457
AKAP2(M721)	0	0				
AKAP2(S121)	16287248.84	8053747.4	0.494481755	0.666370149	1.732050808	1.732050808
AKAP2(S135)	5242050.432	11739594.01	2.23950421	0.631316671	1.732050808	1.732050808
AKAP2(S393)	0	0				
AKAP2(S631)	0	0				
AKAP2(S720)	0	0				
AKAP2(S748)	3853478644	4123691123	1.070121701	0.962148754	1.660313147	1.689923573
AKAP2(S78)	0	0				
AKAP2(Y73)	0	0				
AKAP3(S208)	3657026961	6243005137	1.707125817	0.00180482	0.194782618	0.072156979
AKAP5(S178)	2652313.961	11801612.7	4.449553438	0.478051677	1.732050808	1.732050808
AKAP5(S95)	1965656536	1357018641	0.690364067	0.202173423	0.137139479	0.504902172
AKAP6(S1139)	0	0				
AKAP8(S323)	18042818.44	72414834.83	4.013499058	0.120262683	1.010214021	0.672943318
AKAP8(S328)	18042818.44	72414834.83	4.013499058	0.120262683	1.010214021	0.672943318
AKAP8(S339)	285883619.8	381741660.4	1.335304417	0.343238351	0.248558469	0.379557005
AKAP9_HUMAN(None)	1867747.812	2394613.191	1.28208593	0.809164619	1.64107018	0.800923349
AKIRIN1(M11)	7243846.396	15866963.46	2.190405841	0.469098348	1.341341651	1.053311269
AKIRIN1(S19)	781622051.2	740442089.7	0.947314739	0.529958796	0.073702095	0.121839662
AKIRIN1(S22)	1338364046	1357831675	1.01454584	0.847741041	0.038849122	0.117811226
AKIRIN2(S125)	4802194.385	0	0	0.355917684	1.732050808	
AKIRIN2(S18)	190910754.7	318103221.5	1.666240449	0.02334466	0.322418919	0.122823721
AKIRIN2(S21)	452856442.1	579193362.9	1.278977859	0.06320383	0.090703768	0.150137142
AKIRIN2(S57)	18139122.23	10673058.13	0.588399924	0.734915252	1.732050808	1.732050808
AKR1A1(S264)	220204153.6	225348593	1.023362136	0.983662785	1.577412844	1.027498077
AKR1A1(S268)	220204153.6	225348593	1.023362136	0.983662785	1.577412844	1.027498077
AKT1(M134)	459023705.6	197112066.4	0.429415875	0.015660546	0.275864461	0.250632215
AKT1(S124)	3591626500	5353942149	1.490673417	0.231738693	0.242090183	0.396596934
AKT1(S129)	3132602795	5156830082	1.646180643	0.179509108	0.31710038	0.403940652
AKT1(S473)	515837773.2	220406857.1	0.427279406	0.222719143	0.602234633	0.963148217
AKT1(T312)	0	0				
AKT1(T443)	0	0				
AKT1(T450)	0	0				
AKT1S1(S183)	610596175.3	217610026.4	0.356389436	0.008360778	0.284972249	0.131286239
AKT1S1(S203)	64575773.8	44179491.81	0.684149631	0.603905966	0.941096951	0.492270753
AKT1S1(S212)	64575773.8	44179491.81	0.684149631	0.603905966	0.941096951	0.492270753
AKT1S1(S88)	69658885712	51739072977	0.742749076	0.066431438	0.085574393	0.241883399
AKT1S1(S92)	67540969615	48483212749	0.717834124	0.05352008	0.090615769	0.254455085
AKT2(None)	0	0				
ALB(M111)	0	0				
ALB(M572)	61452512.52	167900656.3	2.732201653	0.010287734	0.505077316	0.233879076
ALB(None)	13002177778	12754501956	0.980951205	0.924489971	0.286604997	0.17449642
ALDH18A1(S561)	3533081.21	0	0	0.296278816	1.514293042	
ALDH1A1(None)	86948.92071	0	0	0.355917684	1.732050808	
ALDH1A3(S95)	1131270768	961455120.2	0.849889476	0.038621648	0.050091909	0.099850695
ALDH1L2(None)	2676896727	1928643837	0.720477491	0.499233141	0.666056761	0.138217609
ALDH2(None)	2467503581	1310446862	0.531082051	0.089580391	0.360372974	0.333572251
ALDH3A2(S14)	0	100775663.7	inf	0.339215229		1.6684005
ALDH3A2(S293)	31460.66801	416811.5686	13.24865602	0.39214322	1.732050808	1.732050808
ALDH6A1(None)	2838006395	3303931773	1.164173477	0.647125124	0.450633869	0.327645069
ALDH7A1(None)	0	0				
ALDH9A1(M94)	177808058.5	400215215.9	2.250827208	0.457558175	0.399778581	1.199515397
ALDH9A1(None)	1705317879	1321725001	0.775060777	0.203624075	0.226748756	0.196439427
ALDOA(M165)	0	0				
ALDOA(None)	83875081837	94924312580	1.131734366	0.893965315	1.397958087	0.759380301
ALDOA(S46)	2594246228	2659628171	1.025202674	0.807743346	0.072118392	0.151931659
ALDOA(T9)	697988672.6	461596525.6	0.661323806	0.040494767	0.160333531	0.239449984
ALDOC(None)	1.74E+11	1.38E+11	0.79517131	0.739417343	0.774757574	0.830862244
ALG1L2(None)	11301485606	3020619651	0.267276335	0.104735622	0.663715926	0.122597808
ALKBH5(S361)	1779511794	964790522.8	0.542165849	0.005248998	0.162161347	0.166547648
ALMS1(S3801)	51725557.91	647381022.4	12.51568951	2.86E-05	1.575047328	0.063432623
ALMS1(S92)	130691310.4	170482144.3	1.304464266	0.457149459	0.262628343	0.467276191
ALMS1(T3035)	91576836.93	46037759.92	0.502722757	0.317110526	0.678428657	0.802905175
ALOX12(S244)	3644446373	4189052446	1.149434514	0.633459509	0.325380081	0.347795511
ALOX12(S246)	3644446373	4189052446	1.149434514	0.633459509	0.325380081	0.347795511
ALPK2(None)	1639904146	1810108462	1.103789186	0.413326053	0.113936854	0.153923284
ALPK3(None)	142156956.2	0	0	0.293364237	1.504263916	
ALPK3(S1235)	0	12314214.81	inf	0.355917684		1.732050808
ALPK3(S1855)	0	0				
ALPK3(S430)	11587658.24	10110989.87	0.872565419	0.853311368	0.638963228	1.086857852
ALS2(S483)	26837329.94	21137469.51	0.787614474	0.795075704	1.100595789	1.002909948
ALS2(S492)	26837329.94	21137469.51	0.787614474	0.795075704	1.100595789	1.002909948
ALX1(S69)	1094790965	1093289566	0.998628598	0.993190792	0.224115656	0.145365377
ALYREF(None)	5202563273	4518084823	0.868434382	0.564424313	0.24298363	0.327022111
ALYREF(S8)	0	7210365.496	inf	0.145856337		1.03684447
ALYREF(S94)	9403268453	3842674026	0.408653017	0.185977001	0.650125889	0.535012956
AMBRA1(S1205)	818131126.2	996441332.7	1.2179482	0.14686406	0.181340483	0.111640869
AMBRA1(S639)	541137718	550396617.5	1.017110061	0.876391412	0.139584616	0.115724992
AMFR(S542)	187013184.7	280256168.1	1.498590426	0.073998387	0.390120115	0.057937852
AMIGO2(T97)	878518387.9	1125327711	1.280938142	0.028612722	0.157986186	0.048667872
AMMECR1L(S74)	49217784.69	54856087.32	1.114558237	0.737039883	0.507462855	0.220978966
AMOTL1(S720)	3093024700	3406160765	1.101239432	0.538722536	0.232312115	0.12324997
AMOTL1(T141)	0	0				
AMOTL2(S166)	70045.14473	2233131.893	31.88132313	0.153901504	1.732050808	1.026882718
AMOTL2(S183)	858205829.6	701334005.8	0.817209557	0.196155167	0.185779862	0.138951643
AMOTL2(S236)	460275298.7	548973874.2	1.192707659	0.600217987	0.534715894	0.234657832
AMOTL2(S540)	607423008.7	583195998.1	0.960115092	0.755065349	0.183496927	0.10958964
AMOTL2(S602)	595267567.9	646841160.6	1.086639346	0.457702084	0.110438505	0.141275596
AMOTL2(S606)	238162727.4	274235848.3	1.151464175	0.559442801	0.367199842	0.185280477
AMOTL2(S759)	335047962	409419723.7	1.221973479	0.337127928	0.195166651	0.255900383
AMPD2(None)	0	0				
AMPD2(S100)	132044349.7	87550505.42	0.663038635	0.265830157	0.415199272	0.350197319
AMPD2(S168)	2955505.028	2471130.983	0.836111243	0.839696193	1.04297597	1.013500554
AMPD2(S190)	1126303674	1129171498	1.002546226	0.991529776	0.126267969	0.37705446
AMPD2(S76)	10236973562	10154198513	0.991914109	0.934097548	0.153624468	0.053206701
AMPD3(S85)	45276523.59	38491465.72	0.85014181	0.832763661	1.041925596	0.643818615
AMPH(S262)	29885616.27	9127444.535	0.305412626	0.531185694	1.732050808	1.732050808
AMPH(S268)	0	0				
AMPH(S272)	0	0				
AMPH(T260)	29885616.27	9127444.535	0.305412626	0.531185694	1.732050808	1.732050808
ANAPC1(S334)	9744188.884	9095671.67	0.933445747	0.921128795	0.642742843	0.977981315
ANAPC1(S355)	230892216.7	323112826.4	1.399409781	0.011623716	0.133089159	0.100042133
ANAPC1(S377)	268835672.2	595094176.5	2.213598261	0.033918015	0.546589967	0.243913988
ANAPC1(S688)	7512439.171	19108901.03	2.54363471	0.381632066	1.230883553	1.002873881
ANAPC2(S218)	260463085.1	337846952.5	1.297101094	0.305383725	0.334307056	0.242816489
ANAPC2(S314)	30635831760	32695885121	1.067243265	0.582048927	0.091047642	0.167144516
ANAPC4(S777)	0	21029203.87	inf	0.083486486		0.835342199
ANAPC4(S779)	0	21029203.87	inf	0.083486486		0.835342199